type,2023-10-25 17:45:06
type,2023-10-25 17:45:10
type,2023-10-25 17:45:14
type,2023-10-25 17:45:18
type,2023-10-25 17:45:22
type,2023-10-25 17:45:26
sum,2023-10-25 17:45:30
pow,2023-10-25 17:45:34
send_back_binary,2023-10-25 17:45:41
send_back_inversion,2023-10-25 17:45:47
binarization,2023-10-25 17:46:08
reflection_horizontal,2023-10-25 17:46:38
reflection_vertical,2023-10-25 17:46:48
black_list_check,2023-10-25 17:46:59
black_list_check,2023-10-25 17:47:03
black_list_check_fio,2023-10-25 17:47:07
black_list_check_fio,2023-10-25 17:47:11
black_list_check_fio,2023-10-25 17:47:15
send_back_inversion,2023-10-25 17:47:20
binarization,2023-10-25 17:47:29
reflection_horizontal,2023-10-25 17:47:39
reflection_vertical,2023-10-25 17:47:45
binarization,2023-10-25 17:48:31
ping,2023-10-25 17:48:50
now,2023-10-25 17:48:54
type,2023-10-25 17:48:58
type,2023-10-25 17:49:02
type,2023-10-25 17:49:06
type,2023-10-25 17:49:10
ping,2023-11-07 00:09:08
